{"cameraMode":{"drawMode":0,"name":"Shaded","section":"Shading Mode"},"sceneLighting":false,"audioPlay":false,"sceneViewState":{"showFog":false,"showMaterialUpdate":false,"showSkybox":false,"showFlares":false,"showImageEffects":false,"showParticleSystems":false},"in2DMode":false,"pivot":{"x":-0.023297786712646486,"y":0.015999972820281984,"z":-0.02137838304042816},"rotation":{"x":-0.1553691029548645,"y":-0.0023679633159190418,"z":0.00037337662070058286,"w":-0.9878536462783814},"size":2.857893943786621,"orthographic":false}