{"cameraMode":{"drawMode":0,"name":"Shaded","section":"Shading Mode"},"sceneLighting":false,"audioPlay":false,"sceneViewState":{"showFog":false,"showMaterialUpdate":false,"showSkybox":false,"showFlares":false,"showImageEffects":false,"showParticleSystems":false},"in2DMode":false,"pivot":{"x":0.00007891654968261719,"y":0.6175130009651184,"z":0.00002008676528930664},"rotation":{"x":-0.1053825169801712,"y":-0.45006194710731509,"z":0.053584855049848559,"w":-0.8851369619369507},"size":1.6747462749481202,"orthographic":false}