{"cameraMode":{"drawMode":0,"name":"Shaded","section":"Shading Mode"},"sceneLighting":true,"audioPlay":false,"sceneViewState":{"showFog":false,"showMaterialUpdate":false,"showSkybox":false,"showFlares":false,"showImageEffects":false,"showParticleSystems":false},"in2DMode":false,"pivot":{"x":0.2474524974822998,"y":0.06141453981399536,"z":0.19523358345031739},"rotation":{"x":-0.1553691029548645,"y":-0.0023679633159190418,"z":0.00037337662070058286,"w":-0.9878536462783814},"size":2.7070438861846926,"orthographic":false}