{"cameraMode":{"drawMode":0,"name":"Shaded","section":"Shading Mode"},"sceneLighting":false,"audioPlay":false,"sceneViewState":{"showFog":false,"showMaterialUpdate":false,"showSkybox":false,"showFlares":false,"showImageEffects":false,"showParticleSystems":false},"in2DMode":false,"pivot":{"x":1.3300000429153443,"y":0.0,"z":-5.960464477539063e-8},"rotation":{"x":-0.18185922503471375,"y":0.03598394617438316,"z":-0.006658446509391069,"w":-0.9826434254646301},"size":2.3526742458343508,"orthographic":false}