{"cameraMode":{"drawMode":0,"name":"Shaded","section":"Shading Mode"},"sceneLighting":false,"audioPlay":false,"sceneViewState":{"showFog":false,"showMaterialUpdate":false,"showSkybox":false,"showFlares":false,"showImageEffects":false,"showParticleSystems":false},"in2DMode":false,"pivot":{"x":-0.0075534433126449589,"y":0.06759512424468994,"z":0.03331112861633301},"rotation":{"x":-0.18586720526218415,"y":-0.0744948610663414,"z":0.014136021956801415,"w":-0.9796448945999146},"size":2.5578839778900148,"orthographic":false}